
{
  "format_version": "1.10",
  "ui_definitions": {
    "right_hand_menu": {
      "ui_elements": [
        {
          "element_type": "image",
          "position": { "x": 0.95, "y": 0.1 },
          "size": { "width": 32, "height": 32 },
          "texture": "textures/ui/pokeball_menu.png"
        },
        {
          "element_type": "image",
          "position": { "x": 0.95, "y": 0.2 },
          "size": { "width": 32, "height": 32 },
          "texture": "textures/ui/pokeball_menu.png"
        },
        {
          "element_type": "image",
          "position": { "x": 0.95, "y": 0.3 },
          "size": { "width": 32, "height": 32 },
          "texture": "textures/ui/pokeball_menu.png"
        },
        {
          "element_type": "image",
          "position": { "x": 0.95, "y": 0.4 },
          "size": { "width": 32, "height": 32 },
          "texture": "textures/ui/pokeball_menu.png"
        },
        {
          "element_type": "image",
          "position": { "x": 0.95, "y": 0.5 },
          "size": { "width": 32, "height": 32 },
          "texture": "textures/ui/pokeball_menu.png"
        }
      ]
    }
  }
}
