
{
  "format_version": "1.10",
  "ui_definitions": {
    "starter_selector": {
      "ui_elements": [
        {
          "element_type": "image",
          "position": { "x": 0.3, "y": 0.3 },
          "size": { "width": 64, "height": 64 },
          "texture": "textures/ui/starter_selector.png"
        },
        {
          "element_type": "text",
          "position": { "x": 0.5, "y": 0.1 },
          "text": "Welcome to PokeBedrock! Now, please pick your desired starter Pokémon!",
          "font": "default",
          "color": "white",
          "alignment": "center"
        },
        {
          "element_type": "image",
          "position": { "x": 0.4, "y": 0.4 },
          "size": { "width": 32, "height": 32 },
          "texture": "textures/ui/bulbasaur.png"
        },
        {
          "element_type": "image",
          "position": { "x": 0.5, "y": 0.4 },
          "size": { "width": 32, "height": 32 },
          "texture": "textures/ui/squirtle.png"
        },
        {
          "element_type": "image",
          "position": { "x": 0.6, "y": 0.4 },
          "size": { "width": 32, "height": 32 },
          "texture": "textures/ui/charmander.png"
        }
      ]
    }
  }
}
